ModelID,ModelName,Provider,ModelURL
0,ICONIA TAB (B1-710),ACER,https://walmart.cexchange.com/Online/Cart/BeginAppraisal-ShowAppraisalForm.rails?pcat=30&man=449&modelId=56986&forcelayout=true
0,"ICONIA TAB A210 10"" WI-FI",ACER,https://walmart.cexchange.com/Online/Cart/BeginAppraisal-ShowAppraisalForm.rails?pcat=30&man=449&modelId=21622&forcelayout=true
0,ICONIA TAB WI-FI (A200),ACER,https://walmart.cexchange.com/Online/Cart/BeginAppraisal-ShowAppraisalForm.rails?pcat=30&man=449&modelId=19799&forcelayout=true
0,ICONIA TAB WI-FI (A500),ACER,https://walmart.cexchange.com/Online/Cart/BeginAppraisal-ShowAppraisalForm.rails?pcat=30&man=449&modelId=18743&forcelayout=true
0,ICONIA TAB WI-FI (A700),ACER,https://walmart.cexchange.com/Online/Cart/BeginAppraisal-ShowAppraisalForm.rails?pcat=30&man=449&modelId=20679&forcelayout=true
0,ICONIA W3-810,ACER,https://walmart.cexchange.com/Online/Cart/BeginAppraisal-ShowAppraisalForm.rails?pcat=30&man=449&modelId=31156&forcelayout=true
0,ICONIA W510,ACER,https://walmart.cexchange.com/Online/Cart/BeginAppraisal-ShowAppraisalForm.rails?pcat=30&man=449&modelId=20946&forcelayout=true
0,ICONIA W700 128GB,ACER,https://walmart.cexchange.com/Online/Cart/BeginAppraisal-ShowAppraisalForm.rails?pcat=30&man=449&modelId=20945&forcelayout=true
0,ICONIA W700 64GB,ACER,https://walmart.cexchange.com/Online/Cart/BeginAppraisal-ShowAppraisalForm.rails?pcat=30&man=449&modelId=20944&forcelayout=true
0,"SAMSUNG GALAXY TAB A 10.1""",ACER,https://walmart.cexchange.com/Online/Cart/BeginAppraisal-ShowAppraisalForm.rails?pcat=30&man=449&modelId=57200&forcelayout=true
0,ONE TOUCH PIXI 7,ALCATEL,https://walmart.cexchange.com/Online/Cart/BeginAppraisal-ShowAppraisalForm.rails?pcat=30&man=761&modelId=56315&forcelayout=true
0,ONE TOUCH POP 7 WI-FI + 4G,ALCATEL,https://walmart.cexchange.com/Online/Cart/BeginAppraisal-ShowAppraisalForm.rails?pcat=30&man=761&modelId=54534&forcelayout=true
0,FIRE HD 7 (4TH GEN),AMAZON,https://walmart.cexchange.com/Online/Cart/BeginAppraisal-ShowAppraisalForm.rails?pcat=30&man=551&modelId=54186&forcelayout=true
0,FIRE HDX 8.9 (2014) WI-FI,AMAZON,https://walmart.cexchange.com/Online/Cart/BeginAppraisal-ShowAppraisalForm.rails?pcat=30&man=551&modelId=54187&forcelayout=true
0,FIRE HDX 8.9 (2014) WI-FI + 4G LTE - AT&T,AMAZON,https://walmart.cexchange.com/Online/Cart/BeginAppraisal-ShowAppraisalForm.rails?pcat=30&man=551&modelId=54188&forcelayout=true
0,FIRE HDX 8.9 (2014) WI-FI + 4G LTE - VERIZON,AMAZON,https://walmart.cexchange.com/Online/Cart/BeginAppraisal-ShowAppraisalForm.rails?pcat=30&man=551&modelId=54189&forcelayout=true
0,KINDLE FIRE 7 8GB 5TH GEN,AMAZON,https://walmart.cexchange.com/Online/Cart/BeginAppraisal-ShowAppraisalForm.rails?pcat=30&man=551&modelId=56320&forcelayout=true
0,KINDLE FIRE HD 7IN WI-FI (2013),AMAZON,https://walmart.cexchange.com/Online/Cart/BeginAppraisal-ShowAppraisalForm.rails?pcat=30&man=551&modelId=31175&forcelayout=true
0,KINDLE FIRE HD WI-FI + 4G 8.9IN (2012),AMAZON,https://walmart.cexchange.com/Online/Cart/BeginAppraisal-ShowAppraisalForm.rails?pcat=30&man=551&modelId=20709&forcelayout=true
0,KINDLE FIRE HD WI-FI 7IN (2012),AMAZON,https://walmart.cexchange.com/Online/Cart/BeginAppraisal-ShowAppraisalForm.rails?pcat=30&man=551&modelId=20707&forcelayout=true
0,KINDLE FIRE HD WI-FI 8.9IN (2012),AMAZON,https://walmart.cexchange.com/Online/Cart/BeginAppraisal-ShowAppraisalForm.rails?pcat=30&man=551&modelId=20708&forcelayout=true
0,KINDLE FIRE HDX 7IN WI-FI (2013),AMAZON,https://walmart.cexchange.com/Online/Cart/BeginAppraisal-ShowAppraisalForm.rails?pcat=30&man=551&modelId=31176&forcelayout=true
0,KINDLE FIRE HDX 7IN WI-FI + 4G - AT&T (2013),AMAZON,https://walmart.cexchange.com/Online/Cart/BeginAppraisal-ShowAppraisalForm.rails?pcat=30&man=551&modelId=31177&forcelayout=true
0,KINDLE FIRE HDX 7IN WI-FI + 4G - VERIZON (2013),AMAZON,https://walmart.cexchange.com/Online/Cart/BeginAppraisal-ShowAppraisalForm.rails?pcat=30&man=551&modelId=31178&forcelayout=true
0,KINDLE FIRE HDX 8.9IN WI-FI (2013),AMAZON,https://walmart.cexchange.com/Online/Cart/BeginAppraisal-ShowAppraisalForm.rails?pcat=30&man=551&modelId=31179&forcelayout=true
0,KINDLE FIRE HDX 8.9IN WI-FI + 4G - AT&T (2013),AMAZON,https://walmart.cexchange.com/Online/Cart/BeginAppraisal-ShowAppraisalForm.rails?pcat=30&man=551&modelId=31180&forcelayout=true
0,KINDLE FIRE HDX 8.9IN WI-FI + 4G - VERIZON (2013),AMAZON,https://walmart.cexchange.com/Online/Cart/BeginAppraisal-ShowAppraisalForm.rails?pcat=30&man=551&modelId=31181&forcelayout=true
0,12.9-INCH IPAD PRO WI-FI (A1584),APPLE,https://walmart.cexchange.com/Online/Cart/BeginAppraisal-ShowAppraisalForm.rails?pcat=30&man=341&modelId=56138&forcelayout=true
0,12.9-INCH IPAD PRO WI-FI + 4G (A1652) - AT&T,APPLE,https://walmart.cexchange.com/Online/Cart/BeginAppraisal-ShowAppraisalForm.rails?pcat=30&man=341&modelId=56139&forcelayout=true
0,12.9-INCH IPAD PRO WI-FI + 4G (A1652) - SPRINT,APPLE,https://walmart.cexchange.com/Online/Cart/BeginAppraisal-ShowAppraisalForm.rails?pcat=30&man=341&modelId=56148&forcelayout=true
0,12.9-INCH IPAD PRO WI-FI + 4G (A1652) - UNLOCKED,APPLE,https://walmart.cexchange.com/Online/Cart/BeginAppraisal-ShowAppraisalForm.rails?pcat=30&man=341&modelId=56149&forcelayout=true
0,12.9-INCH IPAD PRO WI-FI + 4G (A1652) - VERIZON,APPLE,https://walmart.cexchange.com/Online/Cart/BeginAppraisal-ShowAppraisalForm.rails?pcat=30&man=341&modelId=56147&forcelayout=true
0,9.7-INCH IPAD PRO WI-FI (A1673),APPLE,https://walmart.cexchange.com/Online/Cart/BeginAppraisal-ShowAppraisalForm.rails?pcat=30&man=341&modelId=56518&forcelayout=true
0,9.7-INCH IPAD PRO WI-FI + 4G (A1674),APPLE,https://walmart.cexchange.com/Online/Cart/BeginAppraisal-ShowAppraisalForm.rails?pcat=30&man=341&modelId=56519&forcelayout=true
0,IPAD 2 WI-FI (A1395),APPLE,https://walmart.cexchange.com/Online/Cart/BeginAppraisal-ShowAppraisalForm.rails?pcat=30&man=341&modelId=13646&forcelayout=true
0,IPAD 2 WI-FI + 3G (A1396) - AT&T,APPLE,https://walmart.cexchange.com/Online/Cart/BeginAppraisal-ShowAppraisalForm.rails?pcat=30&man=341&modelId=13644&forcelayout=true
0,IPAD 2 WI-FI + 3G (A1397) - VERIZON,APPLE,https://walmart.cexchange.com/Online/Cart/BeginAppraisal-ShowAppraisalForm.rails?pcat=30&man=341&modelId=13645&forcelayout=true
0,IPAD 3 WI-FI (A1416),APPLE,https://walmart.cexchange.com/Online/Cart/BeginAppraisal-ShowAppraisalForm.rails?pcat=30&man=341&modelId=19124&forcelayout=true
0,IPAD 3 WI-FI + 4G (A1403) - VERIZON,APPLE,https://walmart.cexchange.com/Online/Cart/BeginAppraisal-ShowAppraisalForm.rails?pcat=30&man=341&modelId=19125&forcelayout=true
0,IPAD 3 WI-FI + 4G (A1430) - AT&T,APPLE,https://walmart.cexchange.com/Online/Cart/BeginAppraisal-ShowAppraisalForm.rails?pcat=30&man=341&modelId=19126&forcelayout=true
0,IPAD 4 WI-FI (A1458),APPLE,https://walmart.cexchange.com/Online/Cart/BeginAppraisal-ShowAppraisalForm.rails?pcat=30&man=341&modelId=21001&forcelayout=true
0,IPAD 4 WI-FI + 4G (A1459) - AT&T,APPLE,https://walmart.cexchange.com/Online/Cart/BeginAppraisal-ShowAppraisalForm.rails?pcat=30&man=341&modelId=21002&forcelayout=true
0,IPAD 4 WI-FI +4G (A1460) - SPRINT,APPLE,https://walmart.cexchange.com/Online/Cart/BeginAppraisal-ShowAppraisalForm.rails?pcat=30&man=341&modelId=21004&forcelayout=true
0,IPAD 4 WI-FI +4G (A1460) - VERIZON,APPLE,https://walmart.cexchange.com/Online/Cart/BeginAppraisal-ShowAppraisalForm.rails?pcat=30&man=341&modelId=21003&forcelayout=true
0,IPAD AIR 2 WI-FI (A1566),APPLE,https://walmart.cexchange.com/Online/Cart/BeginAppraisal-ShowAppraisalForm.rails?pcat=30&man=341&modelId=54173&forcelayout=true
0,IPAD AIR 2 WI-FI + 4G (A1567) - AT&T,APPLE,https://walmart.cexchange.com/Online/Cart/BeginAppraisal-ShowAppraisalForm.rails?pcat=30&man=341&modelId=54174&forcelayout=true
0,IPAD AIR 2 WI-FI + 4G (A1567) - SPRINT,APPLE,https://walmart.cexchange.com/Online/Cart/BeginAppraisal-ShowAppraisalForm.rails?pcat=30&man=341&modelId=54175&forcelayout=true
0,IPAD AIR 2 WI-FI + 4G (A1567) - T-MOBILE,APPLE,https://walmart.cexchange.com/Online/Cart/BeginAppraisal-ShowAppraisalForm.rails?pcat=30&man=341&modelId=54176&forcelayout=true
0,IPAD AIR 2 WI-FI + 4G (A1567) - UNLOCKED,APPLE,https://walmart.cexchange.com/Online/Cart/BeginAppraisal-ShowAppraisalForm.rails?pcat=30&man=341&modelId=54178&forcelayout=true
0,IPAD AIR 2 WI-FI + 4G (A1567) - VERIZON,APPLE,https://walmart.cexchange.com/Online/Cart/BeginAppraisal-ShowAppraisalForm.rails?pcat=30&man=341&modelId=54177&forcelayout=true
0,IPAD AIR WI-FI (A1474),APPLE,https://walmart.cexchange.com/Online/Cart/BeginAppraisal-ShowAppraisalForm.rails?pcat=30&man=341&modelId=31202&forcelayout=true
0,IPAD AIR WI-FI + 4G (A1475) - AT&T,APPLE,https://walmart.cexchange.com/Online/Cart/BeginAppraisal-ShowAppraisalForm.rails?pcat=30&man=341&modelId=31203&forcelayout=true
0,IPAD AIR WI-FI + 4G (A1475) - NTELOS,APPLE,https://walmart.cexchange.com/Online/Cart/BeginAppraisal-ShowAppraisalForm.rails?pcat=30&man=341&modelId=54195&forcelayout=true
0,IPAD AIR WI-FI + 4G (A1475) - SPRINT,APPLE,https://walmart.cexchange.com/Online/Cart/BeginAppraisal-ShowAppraisalForm.rails?pcat=30&man=341&modelId=31205&forcelayout=true
0,IPAD AIR WI-FI + 4G (A1475) - SPRINT - 32GB,APPLE,https://walmart.cexchange.com/Online/Cart/BeginAppraisal-ShowAppraisalForm.rails?pcat=30&man=341&modelId=57190&forcelayout=true
0,IPAD AIR WI-FI + 4G (A1475) - T-MOBILE,APPLE,https://walmart.cexchange.com/Online/Cart/BeginAppraisal-ShowAppraisalForm.rails?pcat=30&man=341&modelId=31206&forcelayout=true
0,IPAD AIR WI-FI + 4G (A1475) - UNLOCKED,APPLE,https://walmart.cexchange.com/Online/Cart/BeginAppraisal-ShowAppraisalForm.rails?pcat=30&man=341&modelId=31207&forcelayout=true
0,IPAD AIR WI-FI + 4G (A1475) - VERIZON,APPLE,https://walmart.cexchange.com/Online/Cart/BeginAppraisal-ShowAppraisalForm.rails?pcat=30&man=341&modelId=31204&forcelayout=true
0,IPAD MINI 2 WI-FI (A1489),APPLE,https://walmart.cexchange.com/Online/Cart/BeginAppraisal-ShowAppraisalForm.rails?pcat=30&man=341&modelId=31208&forcelayout=true
0,IPAD MINI 2 WI-FI + 4G (A1490) - AT&T,APPLE,https://walmart.cexchange.com/Online/Cart/BeginAppraisal-ShowAppraisalForm.rails?pcat=30&man=341&modelId=31209&forcelayout=true
0,IPAD MINI 2 WI-FI + 4G (A1490) - NTELOS,APPLE,https://walmart.cexchange.com/Online/Cart/BeginAppraisal-ShowAppraisalForm.rails?pcat=30&man=341&modelId=54194&forcelayout=true
0,IPAD MINI 2 WI-FI + 4G (A1490) - SPRINT,APPLE,https://walmart.cexchange.com/Online/Cart/BeginAppraisal-ShowAppraisalForm.rails?pcat=30&man=341&modelId=31211&forcelayout=true
0,IPAD MINI 2 WI-FI + 4G (A1490) - T-MOBILE,APPLE,https://walmart.cexchange.com/Online/Cart/BeginAppraisal-ShowAppraisalForm.rails?pcat=30&man=341&modelId=31212&forcelayout=true
0,IPAD MINI 2 WI-FI + 4G (A1490) - UNLOCKED,APPLE,https://walmart.cexchange.com/Online/Cart/BeginAppraisal-ShowAppraisalForm.rails?pcat=30&man=341&modelId=31213&forcelayout=true
0,IPAD MINI 2 WI-FI + 4G (A1490) - VERIZON,APPLE,https://walmart.cexchange.com/Online/Cart/BeginAppraisal-ShowAppraisalForm.rails?pcat=30&man=341&modelId=31210&forcelayout=true
0,IPAD MINI 3 WI-FI (A1599),APPLE,https://walmart.cexchange.com/Online/Cart/BeginAppraisal-ShowAppraisalForm.rails?pcat=30&man=341&modelId=54167&forcelayout=true
0,IPAD MINI 3 WI-FI + 4G (A1600) - AT&T,APPLE,https://walmart.cexchange.com/Online/Cart/BeginAppraisal-ShowAppraisalForm.rails?pcat=30&man=341&modelId=54168&forcelayout=true
0,IPAD MINI 3 WI-FI + 4G (A1600) - SPRINT,APPLE,https://walmart.cexchange.com/Online/Cart/BeginAppraisal-ShowAppraisalForm.rails?pcat=30&man=341&modelId=54169&forcelayout=true
0,IPAD MINI 3 WI-FI + 4G (A1600) - T-MOBILE,APPLE,https://walmart.cexchange.com/Online/Cart/BeginAppraisal-ShowAppraisalForm.rails?pcat=30&man=341&modelId=54170&forcelayout=true
0,IPAD MINI 3 WI-FI + 4G (A1600) - UNLOCKED,APPLE,https://walmart.cexchange.com/Online/Cart/BeginAppraisal-ShowAppraisalForm.rails?pcat=30&man=341&modelId=54172&forcelayout=true
0,IPAD MINI 3 WI-FI + 4G (A1600) - VERIZON,APPLE,https://walmart.cexchange.com/Online/Cart/BeginAppraisal-ShowAppraisalForm.rails?pcat=30&man=341&modelId=54171&forcelayout=true
0,IPAD MINI 4 WI-FI (A1538),APPLE,https://walmart.cexchange.com/Online/Cart/BeginAppraisal-ShowAppraisalForm.rails?pcat=30&man=341&modelId=56136&forcelayout=true
0,IPAD MINI 4 WI-FI (A1538) - 32GB,APPLE,https://walmart.cexchange.com/Online/Cart/BeginAppraisal-ShowAppraisalForm.rails?pcat=30&man=341&modelId=57195&forcelayout=true
0,IPAD MINI 4 WI-FI (A1538) - 32GB,APPLE,https://walmart.cexchange.com/Online/Cart/BeginAppraisal-ShowAppraisalForm.rails?pcat=30&man=341&modelId=57196&forcelayout=true
0,IPAD MINI 4 WI-FI + 4G (A1550) - AT&T,APPLE,https://walmart.cexchange.com/Online/Cart/BeginAppraisal-ShowAppraisalForm.rails?pcat=30&man=341&modelId=56137&forcelayout=true
0,IPAD MINI 4 WI-FI + 4G (A1550) - SPRINT,APPLE,https://walmart.cexchange.com/Online/Cart/BeginAppraisal-ShowAppraisalForm.rails?pcat=30&man=341&modelId=56144&forcelayout=true
0,IPAD MINI 4 WI-FI + 4G (A1550) - UNLOCKED,APPLE,https://walmart.cexchange.com/Online/Cart/BeginAppraisal-ShowAppraisalForm.rails?pcat=30&man=341&modelId=56145&forcelayout=true
0,IPAD MINI 4 WI-FI + 4G (A1550) - VERIZON,APPLE,https://walmart.cexchange.com/Online/Cart/BeginAppraisal-ShowAppraisalForm.rails?pcat=30&man=341&modelId=56143&forcelayout=true
0,IPAD MINI WI-FI (A1432),APPLE,https://walmart.cexchange.com/Online/Cart/BeginAppraisal-ShowAppraisalForm.rails?pcat=30&man=341&modelId=21005&forcelayout=true
0,IPAD MINI WI-FI + 4G (A1454) - AT&T,APPLE,https://walmart.cexchange.com/Online/Cart/BeginAppraisal-ShowAppraisalForm.rails?pcat=30&man=341&modelId=21006&forcelayout=true
0,IPAD MINI WI-FI + 4G (A1455) - NTELOS,APPLE,https://walmart.cexchange.com/Online/Cart/BeginAppraisal-ShowAppraisalForm.rails?pcat=30&man=341&modelId=54193&forcelayout=true
0,IPAD MINI WI-FI + 4G (A1455) - SPRINT,APPLE,https://walmart.cexchange.com/Online/Cart/BeginAppraisal-ShowAppraisalForm.rails?pcat=30&man=341&modelId=21008&forcelayout=true
0,IPAD MINI WI-FI + 4G (A1455) - VERIZON,APPLE,https://walmart.cexchange.com/Online/Cart/BeginAppraisal-ShowAppraisalForm.rails?pcat=30&man=341&modelId=21007&forcelayout=true
0,IPAD WI-FI (A1219),APPLE,https://walmart.cexchange.com/Online/Cart/BeginAppraisal-ShowAppraisalForm.rails?pcat=30&man=341&modelId=9112&forcelayout=true
0,IPAD WI-FI + 3G (A1337),APPLE,https://walmart.cexchange.com/Online/Cart/BeginAppraisal-ShowAppraisalForm.rails?pcat=30&man=341&modelId=9113&forcelayout=true
0,EEE PAD SLIDER (SL101),ASUS,https://walmart.cexchange.com/Online/Cart/BeginAppraisal-ShowAppraisalForm.rails?pcat=30&man=448&modelId=18794&forcelayout=true
0,EEE PAD TRANSFORMER (TF101),ASUS,https://walmart.cexchange.com/Online/Cart/BeginAppraisal-ShowAppraisalForm.rails?pcat=30&man=448&modelId=18734&forcelayout=true
0,EEE PAD TRANSFORMER PRIME (TF201),ASUS,https://walmart.cexchange.com/Online/Cart/BeginAppraisal-ShowAppraisalForm.rails?pcat=30&man=448&modelId=18723&forcelayout=true
0,EEE SLATE (B121),ASUS,https://walmart.cexchange.com/Online/Cart/BeginAppraisal-ShowAppraisalForm.rails?pcat=30&man=448&modelId=16740&forcelayout=true
0,EEE SLATE (EP121),ASUS,https://walmart.cexchange.com/Online/Cart/BeginAppraisal-ShowAppraisalForm.rails?pcat=30&man=448&modelId=18720&forcelayout=true
0,MEMO PAD 7,ASUS,https://walmart.cexchange.com/Online/Cart/BeginAppraisal-ShowAppraisalForm.rails?pcat=30&man=448&modelId=54502&forcelayout=true
0,MEMO PAD 7 (ME572C),ASUS,https://walmart.cexchange.com/Online/Cart/BeginAppraisal-ShowAppraisalForm.rails?pcat=30&man=448&modelId=54242&forcelayout=true
0,MEMO PAD 7 LTE,ASUS,https://walmart.cexchange.com/Online/Cart/BeginAppraisal-ShowAppraisalForm.rails?pcat=30&man=448&modelId=56316&forcelayout=true
0,"MEMO PAD HD (ME173) 7"" WI-FI",ASUS,https://walmart.cexchange.com/Online/Cart/BeginAppraisal-ShowAppraisalForm.rails?pcat=30&man=448&modelId=44141&forcelayout=true
0,"MEMO PAD SMART (ME301T) 10.1"" WI-FI",ASUS,https://walmart.cexchange.com/Online/Cart/BeginAppraisal-ShowAppraisalForm.rails?pcat=30&man=448&modelId=21624&forcelayout=true
0,TRANSFORMER INFINITY (TF700),ASUS,https://walmart.cexchange.com/Online/Cart/BeginAppraisal-ShowAppraisalForm.rails?pcat=30&man=448&modelId=21216&forcelayout=true
0,TRANSFORMER PAD (TF300),ASUS,https://walmart.cexchange.com/Online/Cart/BeginAppraisal-ShowAppraisalForm.rails?pcat=30&man=448&modelId=21215&forcelayout=true
0,"VIVOTAB 11.6"" WI-FI",ASUS,https://walmart.cexchange.com/Online/Cart/BeginAppraisal-ShowAppraisalForm.rails?pcat=30&man=448&modelId=21217&forcelayout=true
0,VIVOTAB RT,ASUS,https://walmart.cexchange.com/Online/Cart/BeginAppraisal-ShowAppraisalForm.rails?pcat=30&man=448&modelId=20947&forcelayout=true
0,VIVOTAB RT + LTE,ASUS,https://walmart.cexchange.com/Online/Cart/BeginAppraisal-ShowAppraisalForm.rails?pcat=30&man=448&modelId=52685&forcelayout=true
0,NOOK HD+ WI-FI 9IN,BARNES & NOBLE,https://walmart.cexchange.com/Online/Cart/BeginAppraisal-ShowAppraisalForm.rails?pcat=30&man=550&modelId=20713&forcelayout=true
0,LATITUDE 10 WI-FI,DELL,https://walmart.cexchange.com/Online/Cart/BeginAppraisal-ShowAppraisalForm.rails?pcat=30&man=342&modelId=20958&forcelayout=true
0,LATITUDE 10 WI-FI + 3G,DELL,https://walmart.cexchange.com/Online/Cart/BeginAppraisal-ShowAppraisalForm.rails?pcat=30&man=342&modelId=20959&forcelayout=true
0,LATITUDE ST (T02G),DELL,https://walmart.cexchange.com/Online/Cart/BeginAppraisal-ShowAppraisalForm.rails?pcat=30&man=342&modelId=21577&forcelayout=true
0,VENUE 11 PRO WI-FI - 128GB,DELL,https://walmart.cexchange.com/Online/Cart/BeginAppraisal-ShowAppraisalForm.rails?pcat=30&man=342&modelId=37488&forcelayout=true
0,VENUE 11 PRO WI-FI - 64GB,DELL,https://walmart.cexchange.com/Online/Cart/BeginAppraisal-ShowAppraisalForm.rails?pcat=30&man=342&modelId=37487&forcelayout=true
0,VENUE 11 PRO WI-FI + 4G - 128GB,DELL,https://walmart.cexchange.com/Online/Cart/BeginAppraisal-ShowAppraisalForm.rails?pcat=30&man=342&modelId=54546&forcelayout=true
0,VENUE 11 PRO WI-FI + 4G - 64GB,DELL,https://walmart.cexchange.com/Online/Cart/BeginAppraisal-ShowAppraisalForm.rails?pcat=30&man=342&modelId=54523&forcelayout=true
0,VENUE 8 PRO WI-FI,DELL,https://walmart.cexchange.com/Online/Cart/BeginAppraisal-ShowAppraisalForm.rails?pcat=30&man=342&modelId=37489&forcelayout=true
0,VENUE 8 WI-FI,DELL,https://walmart.cexchange.com/Online/Cart/BeginAppraisal-ShowAppraisalForm.rails?pcat=30&man=342&modelId=37485&forcelayout=true
0,XPS 10,DELL,https://walmart.cexchange.com/Online/Cart/BeginAppraisal-ShowAppraisalForm.rails?pcat=30&man=342&modelId=20957&forcelayout=true
0,NEXUS 10 WI-FI,GOOGLE,https://walmart.cexchange.com/Online/Cart/BeginAppraisal-ShowAppraisalForm.rails?pcat=30&man=549&modelId=21512&forcelayout=true
0,NEXUS 7 (2013) WI-FI,GOOGLE,https://walmart.cexchange.com/Online/Cart/BeginAppraisal-ShowAppraisalForm.rails?pcat=30&man=549&modelId=21884&forcelayout=true
0,"ELITEPAD 900 10.1"" WI-FI",HP,https://walmart.cexchange.com/Online/Cart/BeginAppraisal-ShowAppraisalForm.rails?pcat=30&man=343&modelId=21618&forcelayout=true
0,ENVY X2 64GB,HP,https://walmart.cexchange.com/Online/Cart/BeginAppraisal-ShowAppraisalForm.rails?pcat=30&man=343&modelId=21010&forcelayout=true
0,SLATE 500,HP,https://walmart.cexchange.com/Online/Cart/BeginAppraisal-ShowAppraisalForm.rails?pcat=30&man=343&modelId=53982&forcelayout=true
0,SLATE 8 (AQT80),HP,https://walmart.cexchange.com/Online/Cart/BeginAppraisal-ShowAppraisalForm.rails?pcat=30&man=343&modelId=56690&forcelayout=true
0,EVO VIEW WI-FI + 4G (PG41200),HTC,https://walmart.cexchange.com/Online/Cart/BeginAppraisal-ShowAppraisalForm.rails?pcat=30&man=365&modelId=15085&forcelayout=true
0,JETSTREAM WI-FI + 4G,HTC,https://walmart.cexchange.com/Online/Cart/BeginAppraisal-ShowAppraisalForm.rails?pcat=30&man=365&modelId=16760&forcelayout=true
0,NEXUS 9,HTC,https://walmart.cexchange.com/Online/Cart/BeginAppraisal-ShowAppraisalForm.rails?pcat=30&man=365&modelId=54163&forcelayout=true
0,IDEATAB LYNX (K3011),LENOVO,https://walmart.cexchange.com/Online/Cart/BeginAppraisal-ShowAppraisalForm.rails?pcat=30&man=410&modelId=21311&forcelayout=true
0,THINKPAD TABLET 2 WI-FI + 4G,LENOVO,https://walmart.cexchange.com/Online/Cart/BeginAppraisal-ShowAppraisalForm.rails?pcat=30&man=410&modelId=54477&forcelayout=true
0,THINKPAD TABLET 2 WI-FI 64GB,LENOVO,https://walmart.cexchange.com/Online/Cart/BeginAppraisal-ShowAppraisalForm.rails?pcat=30&man=410&modelId=21212&forcelayout=true
0,THINKPAD WI-FI,LENOVO,https://walmart.cexchange.com/Online/Cart/BeginAppraisal-ShowAppraisalForm.rails?pcat=30&man=410&modelId=18708&forcelayout=true
0,G PAD 10.1 LTE (VK700) - VERIZON,LG,https://walmart.cexchange.com/Online/Cart/BeginAppraisal-ShowAppraisalForm.rails?pcat=30&man=760&modelId=55690&forcelayout=true
0,G PAD 8.3 LTE (VK810),LG,https://walmart.cexchange.com/Online/Cart/BeginAppraisal-ShowAppraisalForm.rails?pcat=30&man=760&modelId=54666&forcelayout=true
0,G PAD F 8.0,LG,https://walmart.cexchange.com/Online/Cart/BeginAppraisal-ShowAppraisalForm.rails?pcat=30&man=760&modelId=54663&forcelayout=true
0,G PAD F 8.0 (UK495) U.S. CELLULAR,LG,https://walmart.cexchange.com/Online/Cart/BeginAppraisal-ShowAppraisalForm.rails?pcat=30&man=760&modelId=56985&forcelayout=true
0,G PAD F 8.0 (V495) AT&T,LG,https://walmart.cexchange.com/Online/Cart/BeginAppraisal-ShowAppraisalForm.rails?pcat=30&man=760&modelId=56257&forcelayout=true
0,G PAD F 8.0 (V496) T-MOBILE,LG,https://walmart.cexchange.com/Online/Cart/BeginAppraisal-ShowAppraisalForm.rails?pcat=30&man=760&modelId=56100&forcelayout=true
0,G PAD X8.3 (AK815) - CELLCOM,LG,https://walmart.cexchange.com/Online/Cart/BeginAppraisal-ShowAppraisalForm.rails?pcat=30&man=760&modelId=56322&forcelayout=true
0,G PAD X8.3 (VK815) - VERIZON,LG,https://walmart.cexchange.com/Online/Cart/BeginAppraisal-ShowAppraisalForm.rails?pcat=30&man=760&modelId=55705&forcelayout=true
0,SURFACE 2,MICROSOFT,https://walmart.cexchange.com/Online/Cart/BeginAppraisal-ShowAppraisalForm.rails?pcat=30&man=552&modelId=22361&forcelayout=true
0,SURFACE 2 WI-FI + 4G,MICROSOFT,https://walmart.cexchange.com/Online/Cart/BeginAppraisal-ShowAppraisalForm.rails?pcat=30&man=552&modelId=52470&forcelayout=true
0,SURFACE 3,MICROSOFT,https://walmart.cexchange.com/Online/Cart/BeginAppraisal-ShowAppraisalForm.rails?pcat=30&man=552&modelId=54571&forcelayout=true
0,SURFACE PRO,MICROSOFT,https://walmart.cexchange.com/Online/Cart/BeginAppraisal-ShowAppraisalForm.rails?pcat=30&man=552&modelId=21356&forcelayout=true
0,SURFACE PRO 2,MICROSOFT,https://walmart.cexchange.com/Online/Cart/BeginAppraisal-ShowAppraisalForm.rails?pcat=30&man=552&modelId=22362&forcelayout=true
0,SURFACE PRO 3,MICROSOFT,https://walmart.cexchange.com/Online/Cart/BeginAppraisal-ShowAppraisalForm.rails?pcat=30&man=552&modelId=53246&forcelayout=true
0,SURFACE PRO 4 - INTEL CORE I5,MICROSOFT,https://walmart.cexchange.com/Online/Cart/BeginAppraisal-ShowAppraisalForm.rails?pcat=30&man=552&modelId=55916&forcelayout=true
0,SURFACE PRO 4 - INTEL CORE I7,MICROSOFT,https://walmart.cexchange.com/Online/Cart/BeginAppraisal-ShowAppraisalForm.rails?pcat=30&man=552&modelId=55917&forcelayout=true
0,SURFACE PRO 4 INTEL CORE M3,MICROSOFT,https://walmart.cexchange.com/Online/Cart/BeginAppraisal-ShowAppraisalForm.rails?pcat=30&man=552&modelId=55910&forcelayout=true
0,SURFACE RT,MICROSOFT,https://walmart.cexchange.com/Online/Cart/BeginAppraisal-ShowAppraisalForm.rails?pcat=30&man=552&modelId=20940&forcelayout=true
0,"DROID XYBOARD - 10.1"" (MZ617)",MOTOROLA,https://walmart.cexchange.com/Online/Cart/BeginAppraisal-ShowAppraisalForm.rails?pcat=30&man=451&modelId=17802&forcelayout=true
0,XOOM WI-FI (MZ604),MOTOROLA,https://walmart.cexchange.com/Online/Cart/BeginAppraisal-ShowAppraisalForm.rails?pcat=30&man=451&modelId=13892&forcelayout=true
0,LUMIA 2520 WI-FI + 4G,NOKIA,https://walmart.cexchange.com/Online/Cart/BeginAppraisal-ShowAppraisalForm.rails?pcat=30&man=703&modelId=44138&forcelayout=true
0,ATIV SMART PC 500T WI-FI,SAMSUNG,https://walmart.cexchange.com/Online/Cart/BeginAppraisal-ShowAppraisalForm.rails?pcat=30&man=399&modelId=20948&forcelayout=true
0,ATIV SMART PC 500T WI-FI + 4G,SAMSUNG,https://walmart.cexchange.com/Online/Cart/BeginAppraisal-ShowAppraisalForm.rails?pcat=30&man=399&modelId=20949&forcelayout=true
0,ATIV SMART PC PRO 700T WI-FI,SAMSUNG,https://walmart.cexchange.com/Online/Cart/BeginAppraisal-ShowAppraisalForm.rails?pcat=30&man=399&modelId=21218&forcelayout=true
0,ATIV TAB WI-FI (GT-P8510),SAMSUNG,https://walmart.cexchange.com/Online/Cart/BeginAppraisal-ShowAppraisalForm.rails?pcat=30&man=399&modelId=21213&forcelayout=true
0,ELLIPSIS 10 WI-FI + 4G - VERIZON (QTAIR7),SAMSUNG,https://walmart.cexchange.com/Online/Cart/BeginAppraisal-ShowAppraisalForm.rails?pcat=30&man=399&modelId=56318&forcelayout=true
0,ELLIPSIS 8 - WIFI + 4G - VERIZON,SAMSUNG,https://walmart.cexchange.com/Online/Cart/BeginAppraisal-ShowAppraisalForm.rails?pcat=30&man=399&modelId=54364&forcelayout=true
0,GALAXY NOTE 10.1 WI-FI - 2014 (SM-P600),SAMSUNG,https://walmart.cexchange.com/Online/Cart/BeginAppraisal-ShowAppraisalForm.rails?pcat=30&man=399&modelId=53165&forcelayout=true
0,GALAXY NOTE 10.1 WI-FI (GT-N8013),SAMSUNG,https://walmart.cexchange.com/Online/Cart/BeginAppraisal-ShowAppraisalForm.rails?pcat=30&man=399&modelId=20637&forcelayout=true
0,GALAXY NOTE 10.1 WI-FI + 3G (GT-N8000),SAMSUNG,https://walmart.cexchange.com/Online/Cart/BeginAppraisal-ShowAppraisalForm.rails?pcat=30&man=399&modelId=20943&forcelayout=true
0,GALAXY NOTE 10.1 WI-FI + 3G/4G (SCH-I925),SAMSUNG,https://walmart.cexchange.com/Online/Cart/BeginAppraisal-ShowAppraisalForm.rails?pcat=30&man=399&modelId=21598&forcelayout=true
0,GALAXY NOTE 8.0 WI-FI (GT-N5110),SAMSUNG,https://walmart.cexchange.com/Online/Cart/BeginAppraisal-ShowAppraisalForm.rails?pcat=30&man=399&modelId=21513&forcelayout=true
0,GALAXY NOTE 8.0 WI-FI + 4G (SGH-I467) - AT&T,SAMSUNG,https://walmart.cexchange.com/Online/Cart/BeginAppraisal-ShowAppraisalForm.rails?pcat=30&man=399&modelId=22112&forcelayout=true
0,"GALAXY NOTE PRO 12.2"" WI-FI + 4G - 32GB",SAMSUNG,https://walmart.cexchange.com/Online/Cart/BeginAppraisal-ShowAppraisalForm.rails?pcat=30&man=399&modelId=54664&forcelayout=true
0,"GALAXY NOTE PRO 12.2"" WI-FI + 4G - 64GB",SAMSUNG,https://walmart.cexchange.com/Online/Cart/BeginAppraisal-ShowAppraisalForm.rails?pcat=30&man=399&modelId=54665&forcelayout=true
0,"GALAXY TAB 10.1"" WI-FI + 4G - 16GB",SAMSUNG,https://walmart.cexchange.com/Online/Cart/BeginAppraisal-ShowAppraisalForm.rails?pcat=30&man=399&modelId=16218&forcelayout=true
0,"GALAXY TAB 10.1"" WI-FI + 4G - 32GB",SAMSUNG,https://walmart.cexchange.com/Online/Cart/BeginAppraisal-ShowAppraisalForm.rails?pcat=30&man=399&modelId=16219&forcelayout=true
0,"GALAXY TAB 10.1"" WI-FI ONLY",SAMSUNG,https://walmart.cexchange.com/Online/Cart/BeginAppraisal-ShowAppraisalForm.rails?pcat=30&man=399&modelId=18741&forcelayout=true
0,"GALAXY TAB 2 10.1"" WI-FI (GT-P5113)",SAMSUNG,https://walmart.cexchange.com/Online/Cart/BeginAppraisal-ShowAppraisalForm.rails?pcat=30&man=399&modelId=20699&forcelayout=true
0,"GALAXY TAB 2 10.1"" WI-FI + 4G (SCH-I915) - VERIZON",SAMSUNG,https://walmart.cexchange.com/Online/Cart/BeginAppraisal-ShowAppraisalForm.rails?pcat=30&man=399&modelId=21609&forcelayout=true
0,"GALAXY TAB 2 10.1"" WI-FI + 4G (SGH-I497) - AT&T",SAMSUNG,https://walmart.cexchange.com/Online/Cart/BeginAppraisal-ShowAppraisalForm.rails?pcat=30&man=399&modelId=21419&forcelayout=true
0,"GALAXY TAB 2 10.1"" WI-FI + 4G (SGH-T779) - T-MOBILE",SAMSUNG,https://walmart.cexchange.com/Online/Cart/BeginAppraisal-ShowAppraisalForm.rails?pcat=30&man=399&modelId=21608&forcelayout=true
0,"GALAXY TAB 2 10.1"" WI-FI + 4G (SPH-P500) - SPRINT",SAMSUNG,https://walmart.cexchange.com/Online/Cart/BeginAppraisal-ShowAppraisalForm.rails?pcat=30&man=399&modelId=21610&forcelayout=true
0,"GALAXY TAB 2 7"" WI-FI (GT-P3113)",SAMSUNG,https://walmart.cexchange.com/Online/Cart/BeginAppraisal-ShowAppraisalForm.rails?pcat=30&man=399&modelId=19966&forcelayout=true
0,"GALAXY TAB 2 7"" WI-FI + 4G (SCH-I705) - VERIZON",SAMSUNG,https://walmart.cexchange.com/Online/Cart/BeginAppraisal-ShowAppraisalForm.rails?pcat=30&man=399&modelId=21611&forcelayout=true
0,GALAXY TAB 3 10.1 (GT-P5200) - UNLOCKED,SAMSUNG,https://walmart.cexchange.com/Online/Cart/BeginAppraisal-ShowAppraisalForm.rails?pcat=30&man=399&modelId=55570&forcelayout=true
0,GALAXY TAB 3 10.1 WI-FI (GT-P5210),SAMSUNG,https://walmart.cexchange.com/Online/Cart/BeginAppraisal-ShowAppraisalForm.rails?pcat=30&man=399&modelId=21888&forcelayout=true
0,GALAXY TAB 3 7.0 WI-FI (SM-T210),SAMSUNG,https://walmart.cexchange.com/Online/Cart/BeginAppraisal-ShowAppraisalForm.rails?pcat=30&man=399&modelId=21886&forcelayout=true
0,GALAXY TAB 3 7.0 WI-FI + 4G (SM-T211),SAMSUNG,https://walmart.cexchange.com/Online/Cart/BeginAppraisal-ShowAppraisalForm.rails?pcat=30&man=399&modelId=56321&forcelayout=true
0,GALAXY TAB 3 7.0 WI-FI + 4G (SM-T217),SAMSUNG,https://walmart.cexchange.com/Online/Cart/BeginAppraisal-ShowAppraisalForm.rails?pcat=30&man=399&modelId=52456&forcelayout=true
0,GALAXY TAB 3 8.0 WI-FI (SM-T310),SAMSUNG,https://walmart.cexchange.com/Online/Cart/BeginAppraisal-ShowAppraisalForm.rails?pcat=30&man=399&modelId=21887&forcelayout=true
0,GALAXY TAB 3 LITE 7.0 WI-FI (SM-T110),SAMSUNG,https://walmart.cexchange.com/Online/Cart/BeginAppraisal-ShowAppraisalForm.rails?pcat=30&man=399&modelId=52858&forcelayout=true
0,GALAXY TAB 4 10.1 - 16GB,SAMSUNG,https://walmart.cexchange.com/Online/Cart/BeginAppraisal-ShowAppraisalForm.rails?pcat=30&man=399&modelId=53890&forcelayout=true
0,GALAXY TAB 4 7.0 - 16GB,SAMSUNG,https://walmart.cexchange.com/Online/Cart/BeginAppraisal-ShowAppraisalForm.rails?pcat=30&man=399&modelId=54537&forcelayout=true
0,GALAXY TAB 4 7.0 - 8GB,SAMSUNG,https://walmart.cexchange.com/Online/Cart/BeginAppraisal-ShowAppraisalForm.rails?pcat=30&man=399&modelId=53888&forcelayout=true
0,GALAXY TAB 4 8.0 - 16GB,SAMSUNG,https://walmart.cexchange.com/Online/Cart/BeginAppraisal-ShowAppraisalForm.rails?pcat=30&man=399&modelId=53889&forcelayout=true
0,"GALAXY TAB 7"" WI-FI (GT-P1010)",SAMSUNG,https://walmart.cexchange.com/Online/Cart/BeginAppraisal-ShowAppraisalForm.rails?pcat=30&man=399&modelId=21152&forcelayout=true
0,"GALAXY TAB 7"" WI-FI + 3G",SAMSUNG,https://walmart.cexchange.com/Online/Cart/BeginAppraisal-ShowAppraisalForm.rails?pcat=30&man=399&modelId=18793&forcelayout=true
0,"GALAXY TAB 7.7"" WI-FI + 3G",SAMSUNG,https://walmart.cexchange.com/Online/Cart/BeginAppraisal-ShowAppraisalForm.rails?pcat=30&man=399&modelId=21080&forcelayout=true
0,"GALAXY TAB 8.9"" WI-FI (GT-P7310)",SAMSUNG,https://walmart.cexchange.com/Online/Cart/BeginAppraisal-ShowAppraisalForm.rails?pcat=30&man=399&modelId=19438&forcelayout=true
0,"GALAXY TAB 8.9"" WI-FI + 4G (SGH-I957)",SAMSUNG,https://walmart.cexchange.com/Online/Cart/BeginAppraisal-ShowAppraisalForm.rails?pcat=30&man=399&modelId=19439&forcelayout=true
0,GALAXY TAB A 7.0 WIFI,SAMSUNG,https://walmart.cexchange.com/Online/Cart/BeginAppraisal-ShowAppraisalForm.rails?pcat=30&man=399&modelId=56642&forcelayout=true
0,GALAXY TAB A 8.0 - 16GB,SAMSUNG,https://walmart.cexchange.com/Online/Cart/BeginAppraisal-ShowAppraisalForm.rails?pcat=30&man=399&modelId=56274&forcelayout=true
0,"GALAXY TAB A 9.7"" WIFI",SAMSUNG,https://walmart.cexchange.com/Online/Cart/BeginAppraisal-ShowAppraisalForm.rails?pcat=30&man=399&modelId=56643&forcelayout=true
0,GALAXY TAB E 8.0,SAMSUNG,https://walmart.cexchange.com/Online/Cart/BeginAppraisal-ShowAppraisalForm.rails?pcat=30&man=399&modelId=56891&forcelayout=true
0,GALAXY TAB E 9.6‚Äù,SAMSUNG,https://walmart.cexchange.com/Online/Cart/BeginAppraisal-ShowAppraisalForm.rails?pcat=30&man=399&modelId=56729&forcelayout=true
0,"GALAXY TAB E LITE 7"" 8GB",SAMSUNG,https://walmart.cexchange.com/Online/Cart/BeginAppraisal-ShowAppraisalForm.rails?pcat=30&man=399&modelId=56840&forcelayout=true
0,"GALAXY TAB PLUS 7"" WI-FI (GT-P6210)",SAMSUNG,https://walmart.cexchange.com/Online/Cart/BeginAppraisal-ShowAppraisalForm.rails?pcat=30&man=399&modelId=19459&forcelayout=true
0,"GALAXY TAB PLUS 7"" WI-FI + 4G",SAMSUNG,https://walmart.cexchange.com/Online/Cart/BeginAppraisal-ShowAppraisalForm.rails?pcat=30&man=399&modelId=20657&forcelayout=true
0,"GALAXY TAB PRO 10.1 SM-T520 16GB, WI-FI",SAMSUNG,https://walmart.cexchange.com/Online/Cart/BeginAppraisal-ShowAppraisalForm.rails?pcat=30&man=399&modelId=56319&forcelayout=true
0,"GALAXY TAB PRO S 12""",SAMSUNG,https://walmart.cexchange.com/Online/Cart/BeginAppraisal-ShowAppraisalForm.rails?pcat=30&man=399&modelId=56645&forcelayout=true
0,GALAXY TAB S 10.5 - 16GB,SAMSUNG,https://walmart.cexchange.com/Online/Cart/BeginAppraisal-ShowAppraisalForm.rails?pcat=30&man=399&modelId=53892&forcelayout=true
0,GALAXY TAB S 10.5 - 32GB,SAMSUNG,https://walmart.cexchange.com/Online/Cart/BeginAppraisal-ShowAppraisalForm.rails?pcat=30&man=399&modelId=54378&forcelayout=true
0,GALAXY TAB S 8.4 - 16GB,SAMSUNG,https://walmart.cexchange.com/Online/Cart/BeginAppraisal-ShowAppraisalForm.rails?pcat=30&man=399&modelId=53891&forcelayout=true
0,"GALAXY TAB S2 8.0""",SAMSUNG,https://walmart.cexchange.com/Online/Cart/BeginAppraisal-ShowAppraisalForm.rails?pcat=30&man=399&modelId=56644&forcelayout=true
0,"GALAXY TAB S2 9.7"" 32GB",SAMSUNG,https://walmart.cexchange.com/Online/Cart/BeginAppraisal-ShowAppraisalForm.rails?pcat=30&man=399&modelId=56272&forcelayout=true
0,GALAXY TABPRO 8.4 WI-FI (SM-T320),SAMSUNG,https://walmart.cexchange.com/Online/Cart/BeginAppraisal-ShowAppraisalForm.rails?pcat=30&man=399&modelId=54266&forcelayout=true
0,"SERIES 7 11.6"" 128GB",SAMSUNG,https://walmart.cexchange.com/Online/Cart/BeginAppraisal-ShowAppraisalForm.rails?pcat=30&man=399&modelId=20956&forcelayout=true
0,TABLET S WI-FI,SONY,https://walmart.cexchange.com/Online/Cart/BeginAppraisal-ShowAppraisalForm.rails?pcat=30&man=496&modelId=19684&forcelayout=true
0,"XPERIA TABLET Z 10.1"" WI-FI",SONY,https://walmart.cexchange.com/Online/Cart/BeginAppraisal-ShowAppraisalForm.rails?pcat=30&man=496&modelId=21614&forcelayout=true
0,XPERIA Z2 TABLET,SONY,https://walmart.cexchange.com/Online/Cart/BeginAppraisal-ShowAppraisalForm.rails?pcat=30&man=496&modelId=54519&forcelayout=true
0,XPERIA Z3 TABLET COMPACT,SONY,https://walmart.cexchange.com/Online/Cart/BeginAppraisal-ShowAppraisalForm.rails?pcat=30&man=496&modelId=54023&forcelayout=true
